{
    "weather": [
        2.9802322387695312,
        3.031015396118164,
        2.8078556060791016,
        3.0007362365722656,
        3.129720687866211,
        2.6350021362304688,
        2.8839111328125,
        3.407716751098633,
        3.701925277709961,
        2.213716506958008,
        3.278017044067383,
        2.3140907287597656,
        2.5610923767089844,
        2.756834030151367,
        2.168893814086914,
        2.2351741790771484,
        2.7730464935302734,
        2.0389556884765625,
        2.157926559448242,
        2.9952526092529297,
        1.8239021301269531,
        1.67083740234375,
        2.836942672729492,
        2.0248889923095703,
        2.6199817657470703,
        2.9549598693847656,
        2.20489501953125,
        2.526998519897461,
        2.7141571044921875,
        2.0253658294677734,
        2.521991729736328,
        2.743959426879883,
        2.039670944213867,
        2.192974090576172,
        2.866983413696289,
        1.7709732055664062
    ],
    "light": [
        1.5711784362792969,
        1.9710063934326172,
        1.8541812896728516,
        2.1409988403320312,
        1.8167495727539062,
        1.5780925750732422,
        2.086162567138672,
        2.8638839721679688,
        1.9881725311279297,
        2.1500587463378906,
        1.911163330078125,
        3.288745880126953,
        2.471923828125,
        1.714944839477539,
        2.7039051055908203,
        1.9750595092773438,
        1.8661022186279297,
        2.4840831756591797,
        2.1059513092041016,
        2.259969711303711,
        2.355337142944336,
        1.6167163848876953,
        2.012968063354492,
        2.608060836791992,
        2.6061534881591797,
        2.105236053466797,
        2.534151077270508,
        2.373218536376953,
        1.8010139465332031,
        2.4940967559814453,
        2.5107860565185547,
        1.9099712371826172,
        2.466917037963867,
        2.2058486938476562,
        2.0151138305664062,
        2.627134323120117
    ],
    "location": [
        1.4591217041015625,
        2.0148754119873047,
        1.8758773803710938,
        2.315044403076172,
        1.9061565399169922,
        1.5990734100341797,
        2.174854278564453,
        2.833127975463867,
        2.0148754119873047,
        1.9919872283935547,
        1.9729137420654297,
        2.2962093353271484,
        1.753091812133789,
        1.7499923706054688,
        2.0318031311035156,
        1.9788742065429688,
        2.485036849975586,
        1.8901824951171875,
        2.1369457244873047,
        2.178668975830078,
        2.2869110107421875,
        2.0880699157714844,
        1.8498897552490234,
        1.9350051879882812,
        2.1250247955322266,
        2.146005630493164,
        2.105712890625,
        1.8770694732666016
    ],
    "temperature": [
        1.5621185302734375,
        2.0699501037597656,
        1.934051513671875,
        2.4499893188476562,
        2.1278858184814453,
        1.6131401062011719,
        2.1719932556152344,
        2.847909927368164,
        2.0749568939208984,
        2.953052520751953,
        2.0987987518310547,
        2.2857189178466797,
        2.894163131713867,
        1.8460750579833984,
        2.566814422607422,
        2.4220943450927734,
        2.232074737548828,
        2.2826194763183594,
        2.665996551513672,
        2.6292800903320312,
        1.8720626831054688,
        2.5589466094970703,
        2.2919178009033203,
        2.1181106567382812,
        2.743959426879883,
        2.469778060913086,
        2.4809837341308594,
        2.701997756958008,
        1.8999576568603516,
        2.0771026611328125,
        2.755880355834961,
        2.338886260986328,
        2.249002456665039,
        2.8209686279296875,
        2.3522377014160156,
        1.7809867858886719,
        2.641916275024414
    ],
    "humidity": [
        1.6088485717773438,
        1.7919540405273438,
        1.6109943389892578,
        2.1860599517822266,
        1.9831657409667969,
        1.5377998352050781,
        2.0940303802490234,
        2.736806869506836,
        1.8398761749267578,
        2.2368431091308594,
        2.0270347595214844,
        2.643108367919922,
        1.641988754272461,
        2.416849136352539,
        2.299070358276367,
        2.241849899291992,
        2.3469924926757812,
        1.737833023071289,
        2.338886260986328,
        2.5768280029296875,
        2.4318695068359375,
        2.5212764739990234,
        1.657724380493164,
        2.4976730346679688,
        2.3550987243652344,
        2.2656917572021484,
        2.2940635681152344
    ],
    "airquality": [
        2.0821094512939453,
        2.3157596588134766,
        2.360820770263672,
        2.331972122192383,
        1.859903335571289,
        2.207040786743164,
        2.019643783569336,
        1.8639564514160156,
        1.5480518341064453,
        2.095937728881836,
        2.3179054260253906,
        2.3369789123535156,
        2.2208690643310547,
        2.025127410888672,
        2.190113067626953,
        2.174854278564453,
        2.145051956176758,
        1.8038749694824219
    ],
    "sound": [
        2.2017955780029297,
        2.257823944091797,
        2.669811248779297,
        2.5899410247802734,
        2.4521350860595703,
        2.5091171264648438,
        2.2132396697998047,
        1.9021034240722656,
        1.7609596252441406,
        2.1779537200927734,
        2.3610591888427734,
        2.688169479370117,
        2.4857521057128906,
        2.1560192108154297,
        2.4712085723876953,
        2.4907588958740234,
        2.2530555725097656,
        1.8258094787597656
    ]
}