{
    "weather": [
        2.710103988647461,
        2.7451515197753906,
        2.572774887084961,
        2.724885940551758,
        2.8276443481445312,
        2.4149417877197266,
        2.6030540466308594,
        2.6388168334960938,
        3.4570693969726562,
        2.077817916870117,
        3.0171871185302734,
        2.3229122161865234,
        2.4728775024414062,
        2.527952194213867,
        2.107858657836914,
        1.9042491912841797,
        2.5000572204589844,
        1.9648075103759766,
        2.0461082458496094,
        2.7081966400146484,
        1.7709732055664062,
        1.5826225280761719,
        2.5768280029296875,
        2.0761489868164062,
        2.480030059814453,
        2.6628971099853516,
        2.287149429321289,
        2.0918846130371094,
        2.482175827026367,
        1.9762516021728516,
        2.4008750915527344,
        2.5157928466796875,
        1.9519329071044922,
        2.142190933227539,
        2.5980472564697266,
        1.6858577728271484
    ],
    "pressure": [
        1.6677379608154297,
        2.077341079711914,
        1.931905746459961,
        2.2008419036865234,
        1.9290447235107422,
        1.7020702362060547,
        2.096891403198242,
        2.5730133056640625,
        2.050161361694336,
        1.9557476043701172,
        2.1839141845703125,
        1.814126968383789,
        2.235889434814453,
        1.934051513671875,
        2.485036849975586,
        2.2270679473876953,
        1.889944076538086,
        2.0401477813720703,
        2.0809173583984375,
        2.1827220916748047,
        2.6378631591796875,
        1.8420219421386719,
        2.154111862182617,
        1.9130706787109375,
        2.4721622467041016,
        2.050161361694336,
        1.9283294677734375
    ],
    "light": [
        1.6751289367675781,
        2.1278858184814453,
        1.9931793212890625,
        2.2859573364257812,
        1.9807815551757812,
        1.6658306121826172,
        2.260923385620117,
        2.8638839721679688,
        2.065896987915039,
        2.0079612731933594,
        1.997232437133789,
        3.551006317138672,
        2.32696533203125,
        1.79290771484375,
        2.705812454223633,
        1.8277168273925781,
        2.007007598876953,
        2.485036849975586,
        1.9838809967041016,
        2.498149871826172,
        2.355337142944336,
        1.5077590942382812,
        2.1829605102539062,
        2.605915069580078,
        2.4340152740478516,
        2.313375473022461,
        2.5300979614257812,
        1.9283294677734375,
        1.8739700317382812,
        2.489805221557617,
        2.1572113037109375,
        2.0380020141601562,
        2.465963363647461,
        2.1038055419921875,
        2.1681785583496094,
        2.626180648803711
    ],
    "temperature": [
        1.458883285522461,
        2.029895782470703,
        1.8889904022216797,
        2.3598670959472656,
        2.1278858184814453,
        1.5912055969238281,
        2.1300315856933594,
        2.7039051055908203,
        1.9679069519042969,
        3.2699108123779297,
        1.9860267639160156,
        2.264738082885742,
        3.1900405883789062,
        1.7731189727783203,
        2.4497509002685547,
        2.6581287384033203,
        2.106189727783203,
        2.197742462158203,
        2.9249191284179688,
        2.624988555908203,
        1.8329620361328125,
        2.7740001678466797,
        2.1750926971435547,
        2.1538734436035156,
        3.0519962310791016,
        2.3517608642578125,
        2.6619434356689453,
        2.454996109008789,
        1.8091201782226562,
        2.0389556884765625,
        3.159046173095703,
        2.1359920501708984,
        2.180814743041992,
        3.0770301818847656,
        2.228975296020508,
        1.710653305053711,
        2.895832061767578
    ],
    "altitude": [
        1.6341209411621094,
        1.9021034240722656,
        1.9907951354980469,
        2.43377685546875,
        2.2089481353759766,
        1.6379356384277344,
        2.176046371459961,
        2.6497840881347656,
        1.9059181213378906,
        2.0580291748046875,
        2.2008419036865234,
        1.8310546875,
        2.3648738861083984,
        2.346038818359375,
        2.4831295013427734,
        2.601146697998047,
        1.9240379333496094,
        2.458810806274414,
        2.2683143615722656,
        2.454042434692383,
        2.6390552520751953,
        1.8649101257324219,
        2.1550655364990234,
        2.438068389892578,
        2.483844757080078,
        2.4209022521972656,
        1.8639564514160156
    ],
    "airquality": [
        1.9500255584716797,
        2.3047924041748047,
        2.1948814392089844,
        2.2399425506591797,
        1.7096996307373047,
        2.1209716796875,
        1.9426345825195312,
        1.8219947814941406,
        1.4500617980957031,
        2.1049976348876953,
        2.1920204162597656,
        2.410888671875,
        1.7271041870117188,
        1.9750595092773438,
        1.8548965454101562,
        2.099752426147461,
        2.084970474243164,
        1.7578601837158203,
        1.7688274383544922
    ],
    "sound": [
        1.9998550415039062,
        2.245187759399414,
        2.4368762969970703,
        2.482891082763672,
        2.03704833984375,
        2.502918243408203,
        1.9650459289550781,
        1.8649101257324219,
        1.5339851379394531,
        2.229928970336914,
        2.1669864654541016,
        2.6831626892089844,
        2.2499561309814453,
        2.092123031616211,
        2.275228500366211,
        2.4139881134033203,
        2.0651817321777344,
        1.8680095672607422
    ]
}