{
    "sound": [
        3.2281875610351562,
        2.543926239013672,
        2.234935760498047,
        2.3610591888427734,
        2.215862274169922,
        2.454042434692383,
        2.2890567779541016,
        1.9829273223876953,
        2.187013626098633,
        2.2940635681152344,
        2.2950172424316406,
        2.335786819458008,
        2.402067184448242,
        2.4042129516601562,
        2.3131370544433594,
        2.3620128631591797,
        2.295970916748047,
        2.6831626892089844,
        2.454996109008789,
        2.3162364959716797
    ],
    "light": [
        1.7349720001220703,
        1.4269351959228516,
        1.2850761413574219,
        1.4688968658447266,
        1.188039779663086,
        1.50299072265625,
        1.3470649719238281,
        1.1310577392578125,
        1.3492107391357422,
        1.4410018920898438,
        1.2500286102294922,
        1.4841556549072266,
        1.5270709991455078,
        1.516103744506836,
        1.600027084350586,
        1.1310577392578125,
        1.4622211456298828,
        1.5170574188232422,
        1.4891624450683594,
        1.397848129272461
    ],
    "altitude": [
        1.8067359924316406,
        1.4519691467285156,
        1.3356208801269531,
        1.5380382537841797,
        1.2140274047851562,
        1.6329288482666016,
        1.3918876647949219,
        1.107931137084961,
        1.3959407806396484,
        1.474142074584961,
        1.2307167053222656,
        1.48773193359375,
        1.5308856964111328,
        1.5141963958740234,
        1.6210079193115234,
        1.0399818420410156,
        1.5091896057128906,
        1.7189979553222656,
        1.528024673461914,
        1.3408660888671875
    ],
    "pressure": [
        1.708984375,
        1.3051033020019531,
        1.2679100036621094,
        1.3587474822998047,
        1.1069774627685547,
        1.5399456024169922,
        1.3949871063232422,
        0.9598731994628906,
        1.2958049774169922,
        1.2979507446289062,
        1.1000633239746094,
        1.3022422790527344,
        1.4700889587402344,
        1.444101333618164,
        1.5096664428710938,
        0.8730888366699219,
        1.4030933380126953,
        1.615762710571289,
        1.4290809631347656,
        1.177072525024414
    ],
    "temperature": [
        1.6820430755615234,
        1.2507438659667969,
        1.2369155883789062,
        1.306772232055664,
        1.0809898376464844,
        1.5299320220947266,
        1.4140605926513672,
        0.9169578552246094,
        1.3158321380615234,
        1.2500286102294922,
        1.0781288146972656,
        1.19781494140625,
        1.466989517211914,
        1.4541149139404297,
        1.4567375183105469,
        0.8609294891357422,
        1.3420581817626953,
        1.60980224609375,
        1.4340877532958984,
        1.2159347534179688
    ]
}