{
    "airquality": [
        4.332065582275391,
        3.1707286834716797,
        3.1371116638183594,
        1.6880035400390625,
        3.3333301544189453,
        1.6438961029052734,
        3.421783447265625,
        3.483295440673828,
        2.518892288208008,
        3.9060115814208984,
        2.853870391845703,
        2.4521350860595703,
        2.6979446411132812,
        5.454301834106445,
        2.708911895751953,
        6.200075149536133,
        3.5698413848876953,
        2.390146255493164,
        2.7201175689697266,
        4.538059234619141,
        2.902984619140625,
        0.6880760192871094,
        0.7638931274414062,
        5.547046661376953,
        2.628326416015625,
        5.0640106201171875,
        2.7310848236083984,
        1.3723373413085938,
        4.264354705810547,
        3.1681060791015625,
        2.962827682495117,
        4.026174545288086,
        2.6710033416748047,
        2.8769969940185547,
        2.797842025756836,
        2.8731822967529297,
        1.589059829711914,
        3.27301025390625,
        2.811908721923828,
        2.6509761810302734
    ],
    "location": [
        4.503011703491211,
        2.7360916137695312,
        3.2389163970947266,
        1.3136863708496094,
        2.4309158325195312,
        2.483844757080078,
        2.7577877044677734,
        2.482891082763672,
        4.866123199462891,
        2.6192665100097656,
        1.878976821899414,
        2.293109893798828,
        4.046916961669922,
        2.5539398193359375,
        0.7359981536865234,
        5.234241485595703,
        3.5817623138427734,
        2.6607513427734375,
        3.422975540161133,
        2.363920211791992,
        2.980947494506836,
        2.9077529907226562,
        2.4449825286865234,
        2.899169921875,
        2.6247501373291016,
        2.5572776794433594
    ],
    "altitude": [
        4.928827285766602,
        3.492116928100586,
        3.1690597534179688,
        1.5082359313964844,
        3.4890174865722656,
        3.4499168395996094,
        1.74713134765625,
        2.7997493743896484,
        2.947092056274414,
        3.7021636962890625,
        2.7420520782470703,
        2.644062042236328,
        2.215147018432617,
        4.701852798461914,
        4.005193710327148,
        3.217935562133789,
        1.8978118896484375,
        3.1130313873291016,
        2.0279884338378906,
        3.736257553100586,
        2.936124801635742,
        0.4317760467529297,
        0.8597373962402344,
        3.2241344451904297,
        2.2788047790527344,
        3.1549930572509766,
        2.8450489044189453,
        1.8830299377441406,
        3.4139156341552734,
        4.575967788696289,
        2.7761459350585938,
        2.991199493408203,
        3.493070602416992,
        2.7899742126464844,
        2.846956253051758,
        3.3409595489501953,
        2.6569366455078125,
        2.9060840606689453,
        3.2949447631835938,
        2.2950172424316406
    ],
    "sound": [
        4.96983528137207,
        3.4608840942382812,
        3.534078598022461,
        1.5549659729003906,
        3.6590099334716797,
        2.2950172424316406,
        2.8848648071289062,
        3.8568973541259766,
        2.8901100158691406,
        2.268075942993164,
        2.5458335876464844,
        5.811929702758789,
        2.106904983520508,
        2.4788379669189453,
        3.609180450439453,
        0.5481243133544922,
        0.926971435546875,
        2.407073974609375,
        2.9120445251464844,
        1.52587890625,
        2.958059310913086,
        2.928018569946289,
        3.010272979736328,
        3.001689910888672,
        2.9981136322021484,
        1.6257762908935547,
        2.947092056274414,
        2.4728775024414062
    ],
    "humidity": [
        4.933834075927734,
        3.281116485595703,
        3.637075424194336,
        2.8159618377685547,
        3.042936325073242,
        2.4399757385253906,
        2.344846725463867,
        3.6067962646484375,
        0.9882450103759766,
        2.8710365295410156,
        2.8951168060302734,
        3.036022186279297,
        3.0379295349121094,
        2.8810501098632812
    ],
    "light": [
        3.4532546997070312,
        1.5020370483398438,
        1.9931793212890625,
        2.0749568939208984,
        3.011941909790039,
        3.773927688598633,
        2.964019775390625,
        2.209186553955078,
        2.830982208251953,
        5.633115768432617,
        2.4750232696533203,
        2.260923385620117,
        3.0059814453125,
        0.47707557678222656,
        5.563259124755859,
        2.202749252319336,
        3.5293102264404297,
        1.6989707946777344,
        3.185749053955078,
        2.682209014892578,
        3.1909942626953125,
        2.9609203338623047,
        3.3559799194335938,
        1.6782283782958984,
        2.666950225830078,
        2.440214157104492
    ],
    "temperature": [
        3.0231475830078125,
        1.6369819641113281,
        1.867055892944336,
        3.0410289764404297,
        2.7070045471191406,
        3.9098262786865234,
        2.633810043334961,
        2.384185791015625,
        2.780914306640625,
        6.001949310302734,
        2.4378299713134766,
        2.6450157165527344,
        2.9850006103515625,
        0.6229877471923828,
        5.548715591430664,
        2.4330615997314453,
        3.2269954681396484,
        1.6047954559326172,
        3.2029151916503906,
        2.975940704345703,
        2.801179885864258,
        3.014802932739258,
        3.0579566955566406,
        1.6093254089355469,
        2.7909278869628906,
        2.574920654296875
    ]
}