{
    "pressure": [
        0.2885103225708008,
        0.2301931381225586,
        0.23641586303710938,
        0.24220943450927734,
        0.23779869079589844,
        0.26001930236816406,
        0.25811195373535156,
        0.24139881134033203,
        0.24590492248535156,
        0.2151966094970703,
        0.2493143081665039,
        0.2721071243286133,
        0.22847652435302734,
        0.3160715103149414,
        0.2456188201904297,
        0.28076171875,
        0.41921138763427734,
        0.3072023391723633,
        0.16129016876220703,
        0.3226280212402344
    ],
    "sound": [
        0.16219615936279297,
        0.15990734100341797,
        0.13659000396728516,
        0.16248226165771484,
        0.1683950424194336,
        0.18928050994873047,
        0.1764059066772461,
        0.1653909683227539,
        0.16591548919677734,
        0.15399456024169922,
        0.1575946807861328,
        0.19609928131103516,
        0.16391277313232422,
        0.2471923828125,
        0.1667022705078125,
        0.20399093627929688,
        0.3246784210205078,
        0.16090869903564453,
        0.11730194091796875,
        0.16679763793945312
    ],
    "temperature": [
        0.16109943389892578,
        0.1594066619873047,
        0.12481212615966797,
        0.15969276428222656,
        0.16739368438720703,
        0.18892288208007812,
        0.18510818481445312,
        0.16121864318847656,
        0.16531944274902344,
        0.17468929290771484,
        0.1512765884399414,
        0.15861988067626953,
        0.16138553619384766,
        0.2496957778930664,
        0.17380714416503906,
        0.20570755004882812,
        0.3247976303100586,
        0.1722097396850586,
        0.12938976287841797,
        0.1661062240600586
    ],
    "location": [
        0.14698505401611328,
        0.1556873321533203,
        0.09930133819580078,
        0.1492023468017578,
        0.1615762710571289,
        0.17979145050048828,
        0.1750946044921875,
        0.16410350799560547,
        0.1594066619873047,
        0.14638900756835938,
        0.13990402221679688,
        0.13580322265625,
        0.15082359313964844,
        0.22878646850585938,
        0.15921592712402344,
        0.1714944839477539,
        0.25408267974853516,
        0.17788410186767578,
        0.12679100036621094,
        0.1614093780517578
    ],
    "humidity": [
        0.1343250274658203,
        0.156402587890625,
        0.09679794311523438,
        0.1516103744506836,
        0.15239715576171875,
        0.17642974853515625,
        0.179290771484375,
        0.17251968383789062,
        0.16210079193115234,
        0.12958049774169922,
        0.1331806182861328,
        0.12726783752441406,
        0.15668869018554688,
        0.24569034576416016,
        0.15642642974853516,
        0.17688274383544922,
        0.2633810043334961,
        0.18160343170166016,
        0.1445293426513672,
        0.16689300537109375
    ]
}