{
    "airquality": [
        3.773927688598633,
        3.156900405883789,
        2.7871131896972656,
        1.6779899597167969,
        3.3092498779296875,
        1.600027084350586,
        3.4208297729492188,
        3.2720565795898438,
        2.774953842163086,
        3.887176513671875,
        2.666950225830078,
        2.669811248779297,
        2.6810169219970703,
        5.16200065612793,
        2.67791748046875,
        6.205081939697266,
        3.548860549926758,
        2.3419857025146484,
        2.7551651000976562,
        4.405021667480469,
        2.638101577758789,
        0.7028579711914062,
        0.7410049438476562,
        5.51605224609375,
        2.5701522827148438,
        5.002021789550781,
        2.964019775390625,
        1.3811588287353516,
        4.240274429321289,
        2.978086471557617,
        2.974987030029297,
        3.45611572265625,
        2.8810501098632812,
        2.8209686279296875,
        2.568960189819336,
        3.136157989501953,
        1.5490055084228516,
        2.9888153076171875
    ],
    "weather": [
        4.575014114379883,
        4.633188247680664,
        2.6597976684570312,
        3.9458274841308594,
        3.0422210693359375,
        1.4042854309082031,
        1.8279552459716797,
        2.559185028076172,
        2.5877952575683594,
        4.292011260986328,
        2.7370452880859375,
        2.4809837341308594,
        3.8042068481445312,
        5.309104919433594,
        2.5882720947265625,
        2.965211868286133,
        1.7459392547607422,
        2.183198928833008,
        1.943826675415039,
        3.7491321563720703,
        2.5157928466796875,
        0.49591064453125,
        0.6520748138427734,
        5.383968353271484,
        2.8967857360839844,
        3.612041473388672,
        2.576112747192383,
        4.348993301391602,
        3.6139488220214844,
        2.6869773864746094,
        3.1461715698242188,
        2.8760433197021484,
        2.7489662170410156,
        3.557920455932617,
        2.527952194213867,
        2.955913543701172,
        4.010915756225586,
        3.0040740966796875
    ],
    "location": [
        4.69207763671875,
        2.8243064880371094,
        3.116130828857422,
        1.2900829315185547,
        2.694845199584961,
        2.4077892303466797,
        2.621889114379883,
        2.4261474609375,
        4.860877990722656,
        2.5501251220703125,
        1.8339157104492188,
        2.190113067626953,
        3.902912139892578,
        2.404928207397461,
        0.7150173187255859,
        4.884004592895508,
        3.5638809204101562,
        2.452850341796875,
        3.5331249237060547,
        2.4797916412353516,
        2.950906753540039,
        2.8657913208007812,
        2.604961395263672,
        2.7959346771240234,
        2.7718544006347656
    ],
    "altitude": [
        4.800081253051758,
        3.609180450439453,
        3.097057342529297,
        1.4982223510742188,
        3.3693313598632812,
        3.431081771850586,
        1.589059829711914,
        2.749919891357422,
        2.701997756958008,
        3.7038326263427734,
        2.9251575469970703,
        2.6047229766845703,
        1.9650459289550781,
        4.646778106689453,
        3.9310455322265625,
        5.738019943237305,
        2.046823501586914,
        3.0879974365234375,
        1.8160343170166016,
        3.7000179290771484,
        2.7740001678466797,
        0.4150867462158203,
        0.8656978607177734,
        2.977132797241211,
        2.5217533111572266,
        3.1120777130126953,
        2.4559497833251953,
        1.9450187683105469,
        3.4160614013671875,
        4.617929458618164,
        2.6090145111083984,
        2.9549598693847656,
        3.237009048461914,
        2.768993377685547,
        2.835988998413086,
        3.289937973022461,
        2.635955810546875,
        2.8967857360839844
    ],
    "humidity": [
        4.835844039916992,
        3.175973892211914,
        3.6840438842773438,
        2.6161670684814453,
        3.2029151916503906,
        2.485036849975586,
        2.3369789123535156,
        3.6110877990722656,
        0.9970664978027344,
        2.73895263671875,
        2.8760433197021484,
        3.0639171600341797,
        3.0367374420166016
    ],
    "light": [
        3.560304641723633,
        1.5151500701904297,
        1.9741058349609375,
        2.0208358764648438,
        3.0248165130615234,
        3.7581920623779297,
        2.9058456420898438,
        2.0170211791992188,
        2.804994583129883,
        5.900144577026367,
        2.4471282958984375,
        2.103090286254883,
        2.8281211853027344,
        0.4570484161376953,
        5.564212799072266,
        2.5370121002197266,
        3.637075424194336,
        1.7399787902832031,
        3.1778812408447266,
        2.5641918182373047,
        3.1380653381347656,
        2.9299259185791016,
        3.50189208984375,
        1.6200542449951172
    ],
    "temperature": [
        3.0221939086914062,
        1.6200542449951172,
        1.8291473388671875,
        3.1058788299560547,
        2.9370784759521484,
        3.7479400634765625,
        2.8307437896728516,
        2.521038055419922,
        2.7370452880859375,
        5.953073501586914,
        2.396821975708008,
        2.5970935821533203,
        2.7730464935302734,
        0.5588531494140625,
        5.527019500732422,
        2.418994903564453,
        3.368854522705078,
        1.4948844909667969,
        3.1609535217285156,
        2.6929378509521484,
        2.9921531677246094,
        2.9668807983398438,
        3.4639835357666016,
        1.4560222625732422
    ]
}