{
    "sound": [
        1.9941329956054688,
        1.898050308227539,
        2.153158187866211,
        1.4252662658691406,
        1.3577938079833984,
        1.4448165893554688,
        3.8781166076660156,
        3.124237060546875,
        1.9311904907226562,
        1.5687942504882812,
        1.3689994812011719,
        3.7848949432373047,
        1.3990402221679688,
        1.77001953125,
        1.361846923828125,
        2.991914749145508,
        1.6770362854003906,
        2.390146255493164,
        1.8291473388671875,
        1.3380050659179688,
        1.461029052734375,
        1.811981201171875,
        2.0248889923095703,
        1.6808509826660156,
        1.394033432006836,
        1.0449886322021484,
        0.9047985076904297,
        1.1610984802246094,
        1.2347698211669922
    ],
    "altitude": [
        2.0008087158203125,
        1.5130043029785156,
        2.1219253540039062,
        1.6720294952392578,
        1.2431144714355469,
        1.4750957489013672,
        3.5409927368164062,
        3.304004669189453,
        2.9938220977783203,
        1.2469291687011719,
        2.218008041381836,
        2.833127975463867,
        1.3058185577392578,
        3.6928653717041016,
        2.340078353881836,
        1.3887882232666016,
        1.8160343170166016,
        2.905130386352539,
        1.561880111694336,
        2.562999725341797,
        2.7027130126953125,
        1.6252994537353516,
        2.427816390991211,
        2.480030059814453,
        2.972841262817383,
        1.5256404876708984,
        2.619028091430664,
        3.4990310668945312,
        1.6679763793945312,
        2.8150081634521484,
        0.9679794311523438,
        1.924276351928711,
        1.5611648559570312,
        2.357006072998047,
        1.0409355163574219,
        3.4596920013427734,
        0.9050369262695312,
        1.1630058288574219,
        2.2661685943603516,
        1.0149478912353516
    ],
    "temperature": [
        2.053976058959961,
        1.580953598022461,
        2.2368431091308594,
        1.89208984375,
        1.3530254364013672,
        1.5230178833007812,
        3.643035888671875,
        3.337383270263672,
        2.978086471557617,
        1.216888427734375,
        2.2687911987304688,
        1.5249252319335938,
        1.4157295227050781,
        3.74603271484375,
        1.6248226165771484,
        1.6050338745117188,
        1.8568038940429688,
        1.5981197357177734,
        1.687765121459961,
        2.540111541748047,
        2.0809173583984375,
        1.6069412231445312,
        2.4139881134033203,
        1.9109249114990234,
        2.959012985229492,
        1.6779899597167969,
        1.6338825225830078,
        3.801107406616211,
        1.6140937805175781,
        2.276897430419922,
        0.9698867797851562,
        2.0127296447753906,
        1.5842914581298828,
        2.4089813232421875,
        1.129150390625,
        1.1031627655029297,
        1.0042190551757812,
        1.2507438659667969,
        1.3091564178466797,
        1.1758804321289062
    ],
    "weather": [
        2.001047134399414,
        1.4731884002685547,
        2.3009777069091797,
        2.298116683959961,
        1.4469623565673828,
        1.6400814056396484,
        3.701925277709961,
        3.4050941467285156,
        2.974271774291992,
        3.6449432373046875,
        2.246856689453125,
        1.3277530670166016,
        3.0612945556640625,
        3.7949085235595703,
        1.4078617095947266,
        1.7719268798828125,
        1.9080638885498047,
        1.2137889862060547,
        2.3636817932128906,
        2.4471282958984375,
        1.322031021118164,
        3.5049915313720703,
        2.3088455200195312,
        1.6300678253173828,
        3.8139820098876953,
        1.8548965454101562,
        1.4348030090332031,
        4.312276840209961,
        1.6460418701171875,
        1.828908920288086,
        3.765106201171875,
        2.0520687103271484,
        1.4331340789794922,
        3.9598941802978516,
        1.1630058288574219,
        0.9779930114746094,
        1.4879703521728516,
        1.5468597412109375,
        1.0628700256347656,
        1.3680458068847656
    ],
    "location": [
        1.8889904022216797,
        1.4369487762451172,
        2.1240711212158203,
        2.6428699493408203,
        1.461029052734375,
        1.672983169555664,
        3.3109188079833984,
        3.2711029052734375,
        2.8340816497802734,
        1.171112060546875,
        2.1581649780273438,
        1.3377666473388672,
        3.5948753356933594,
        1.5130043029785156,
        1.7080307006835938,
        1.6360282897949219,
        2.2821426391601562,
        1.6751289367675781,
        2.1212100982666016,
        2.9489994049072266,
        1.9383430480957031,
        3.799915313720703,
        1.4448165893554688,
        1.001119613647461,
        1.89208984375,
        2.3741722106933594,
        1.1000633239746094,
        0.9877681732177734,
        1.6160011291503906,
        1.0771751403808594
    ],
    "light": [
        1.2133121490478516,
        1.4619827270507812,
        1.6160011291503906,
        1.611948013305664,
        1.669168472290039,
        2.4361610412597656,
        3.5898685455322266,
        0.8871555328369141,
        2.3679733276367188,
        0.9310245513916016,
        1.2371540069580078
    ],
    "humidity": [
        1.4028549194335938,
        1.4579296112060547,
        1.2989044189453125,
        1.3620853424072266,
        1.8889904022216797,
        1.4841556549072266,
        2.03704833984375,
        1.4472007751464844,
        0.9746551513671875,
        1.065969467163086
    ]
}