{
    "weather": [
        2.710103988647461,
        2.7430057525634766,
        2.57110595703125,
        2.724885940551758,
        2.864837646484375,
        2.4590492248535156,
        2.6040077209472656,
        2.6397705078125,
        3.4821033477783203,
        1.9619464874267578,
        3.017902374267578,
        2.3059844970703125,
        2.471923828125,
        2.527952194213867,
        2.2857189178466797,
        1.863241195678711,
        2.501249313354492,
        2.1440982818603516,
        1.954793930053711,
        2.7053356170654297,
        1.859903335571289,
        1.5265941619873047,
        2.5739669799804688,
        2.157926559448242,
        2.4809837341308594,
        2.6640892028808594,
        2.379894256591797,
        2.171039581298828,
        2.479076385498047,
        2.0592212677001953,
        2.3870468139648438,
        2.5489330291748047,
        2.1047592163085938,
        2.0389556884765625,
        2.5959014892578125
    ],
    "light": [
        1.5170574188232422,
        1.8718242645263672,
        1.7712116241455078,
        2.1047592163085938,
        1.8129348754882812,
        1.5728473663330078,
        2.0079612731933594,
        2.3009777069091797,
        1.9178390502929688,
        1.911163330078125,
        1.8661022186279297,
        3.818988800048828,
        2.2971630096435547,
        1.6949176788330078,
        3.0257701873779297,
        1.7459392547607422,
        1.8489360809326172,
        2.807140350341797,
        1.9359588623046875,
        2.1729469299316406,
        2.601146697998047,
        1.4629364013671875,
        1.950979232788086,
        2.952098846435547,
        2.256155014038086,
        1.9230842590332031,
        3.002166748046875,
        1.9969940185546875,
        1.7518997192382812,
        2.782106399536133,
        2.0911693572998047,
        1.8200874328613281,
        2.7298927307128906,
        2.0508766174316406,
        2.0139217376708984
    ],
    "location": [
        1.4522075653076172,
        1.8968582153320312,
        1.8169879913330078,
        2.2401809692382812,
        1.9769668579101562,
        1.6357898712158203,
        2.212047576904297,
        2.7298927307128906,
        1.9850730895996094,
        1.9459724426269531,
        1.9137859344482422,
        2.3789405822753906,
        1.7120838165283203,
        1.6970634460449219,
        1.9576549530029297,
        2.034902572631836,
        2.441883087158203,
        1.9237995147705078,
        2.1181106567382812,
        2.2819042205810547,
        2.1028518676757812,
        2.0360946655273438,
        1.7962455749511719,
        1.9807815551757812,
        1.9888877868652344,
        2.1941661834716797,
        2.178668975830078
    ],
    "temperature": [
        1.5091896057128906,
        1.943826675415039,
        1.8439292907714844,
        2.4039745330810547,
        2.1278858184814453,
        1.6829967498779297,
        2.2122859954833984,
        2.7048587799072266,
        2.0418167114257812,
        2.950906753540039,
        2.0418167114257812,
        2.131938934326172,
        2.895832061767578,
        1.8181800842285156,
        2.2771358489990234,
        2.4230480194091797,
        2.1779537200927734,
        2.052783966064453,
        2.6619434356689453,
        2.626180648803711,
        1.74713134765625,
        2.5568008422851562,
        2.2399425506591797,
        2.0329952239990234,
        2.73895263671875,
        2.271890640258789,
        2.357006072998047,
        2.452850341796875,
        1.8548965454101562,
        1.934051513671875,
        2.9468536376953125,
        2.2399425506591797,
        2.0339488983154297,
        2.8200149536132812,
        2.4950504302978516
    ],
    "altitude": [
        1.5838146209716797,
        1.8222332000732422,
        1.9116401672363281,
        2.4657249450683594,
        2.1288394927978516,
        1.6791820526123047,
        2.2668838500976562,
        2.652883529663086,
        1.9800662994384766,
        2.0999908447265625,
        2.104043960571289,
        1.8711090087890625,
        2.3429393768310547,
        2.4220943450927734,
        2.380847930908203,
        2.6001930236816406,
        1.8231868743896484,
        2.457857131958008,
        2.176046371459961,
        2.3391246795654297,
        2.5751590728759766,
        1.901865005493164,
        2.0761489868164062,
        2.4552345275878906,
        2.3717880249023438
    ],
    "humidity": [
        1.8360614776611328,
        1.8379688262939453,
        1.7349720001220703,
        2.2721290588378906,
        2.080202102661133,
        1.6489028930664062,
        2.2437572479248047,
        2.624034881591797,
        1.9388198852539062,
        2.0170211791992188,
        2.1309852600097656,
        2.518177032470703,
        1.7337799072265625,
        2.1181106567382812,
        2.4700164794921875,
        1.9998550415039062,
        2.418041229248047,
        1.5900135040283203,
        2.424955368041992,
        2.482891082763672,
        2.4907588958740234,
        2.379179000854492,
        1.7547607421875,
        2.361774444580078,
        2.443075180053711,
        2.1047592163085938
    ],
    "sound": [
        2.0380020141601562,
        2.1409988403320312,
        2.5649070739746094,
        2.444744110107422,
        2.318143844604492,
        2.2249221801757812,
        2.0780563354492188,
        1.7809867858886719,
        1.6791820526123047,
        2.095937728881836,
        2.3040771484375,
        2.5663375854492188,
        2.3708343505859375,
        2.017974853515625,
        2.3040771484375,
        2.193927764892578,
        2.1791458129882812
    ]
}