{
    "airquality": [
        2.9439926147460938,
        2.530813217163086,
        2.2330284118652344,
        1.8410682678222656,
        1.5230178833007812,
        1.5308856964111328,
        4.675149917602539,
        3.9949417114257812,
        2.6650428771972656,
        1.4581680297851562,
        2.972126007080078,
        1.5270709991455078,
        1.560211181640625,
        4.282951354980469,
        1.5070438385009766,
        1.5320777893066406,
        2.7437210083007812,
        1.547098159790039,
        1.8079280853271484,
        3.8890838623046875,
        2.0380020141601562,
        2.804994583129883,
        3.5240650177001953,
        1.912832260131836,
        3.233671188354492,
        1.5230178833007812,
        1.5578269958496094,
        3.704071044921875,
        3.9260387420654297,
        2.1209716796875,
        1.3382434844970703,
        1.8680095672607422,
        1.4448165893554688,
        2.5069713592529297
    ],
    "sound": [
        2.1567344665527344,
        2.007007598876953,
        2.427339553833008,
        1.7702579498291016,
        1.4657974243164062,
        1.5609264373779297,
        3.996133804321289,
        3.3829212188720703,
        3.1812191009521484,
        2.3386478424072266,
        1.583099365234375,
        4.00090217590332,
        1.5411376953125,
        1.9299983978271484,
        1.5227794647216797,
        3.0851364135742188,
        1.8520355224609375,
        2.4480819702148438,
        1.9702911376953125,
        1.5850067138671875,
        1.5702247619628906,
        1.9102096557617188,
        2.1507740020751953,
        1.8558502197265625,
        1.4948844909667969
    ],
    "altitude": [
        2.1309852600097656,
        1.5840530395507812,
        2.382993698120117,
        1.9679069519042969,
        1.3163089752197266,
        1.6169548034667969,
        3.719806671142578,
        3.3850669860839844,
        3.114938735961914,
        1.4519691467285156,
        2.2699832916259766,
        2.9768943786621094,
        1.6169548034667969,
        3.7758350372314453,
        2.569913864135742,
        1.6167163848876953,
        1.9419193267822266,
        2.905130386352539,
        1.8167495727539062,
        2.666950225830078,
        2.706766128540039,
        1.7631053924560547,
        2.476930618286133,
        2.483844757080078,
        3.198862075805664,
        1.7018318176269531,
        2.6178359985351562,
        3.9200782775878906,
        1.7399787902832031,
        2.811908721923828,
        1.1501312255859375,
        2.068042755126953,
        1.5590190887451172
    ],
    "temperature": [
        2.1660327911376953,
        1.627206802368164,
        2.3920536041259766,
        2.360105514526367,
        1.4178752899169922,
        1.6779899597167969,
        3.777027130126953,
        3.496408462524414,
        3.078937530517578,
        1.2578964233398438,
        2.3260116577148438,
        1.528024673461914,
        1.5816688537597656,
        3.821134567260742,
        1.5819072723388672,
        1.6300678253173828,
        2.0737648010253906,
        1.631021499633789,
        1.7108917236328125,
        2.6340484619140625,
        2.0339488983154297,
        1.5439987182617188,
        2.3801326751708984,
        1.8260478973388672,
        3.0438899993896484,
        1.8532276153564453,
        1.5931129455566406,
        3.8619041442871094,
        1.6849040985107422,
        2.489805221557617,
        1.027822494506836,
        2.1648406982421875,
        1.5323162078857422
    ],
    "weather": [
        2.0911693572998047,
        1.5201568603515625,
        2.427816390991211,
        2.9501914978027344,
        1.5079975128173828,
        1.8129348754882812,
        3.8127899169921875,
        3.47900390625,
        3.072023391723633,
        3.735065460205078,
        2.4030208587646484,
        1.4579296112060547,
        3.280162811279297,
        3.950834274291992,
        1.5468597412109375,
        1.9609928131103516,
        2.1190643310546875,
        1.4069080352783203,
        2.5658607482910156,
        2.5489330291748047,
        1.4111995697021484,
        3.1599998474121094,
        2.2878646850585938,
        1.7690658569335938,
        4.036188125610352,
        2.031087875366211,
        1.561880111694336,
        4.488945007324219,
        1.7218589782714844,
        1.9469261169433594,
        3.834962844848633,
        2.1398067474365234,
        1.5211105346679688,
        3.961801528930664
    ],
    "pressure": [
        2.1257400512695312,
        1.5590190887451172,
        2.4259090423583984,
        3.2148361206054688,
        1.5940666198730469,
        1.9059181213378906,
        3.8301944732666016,
        3.4749507904052734,
        3.058910369873047,
        1.355886459350586,
        2.3429393768310547,
        1.447916030883789,
        1.6179084777832031,
        3.893136978149414,
        1.48773193359375,
        1.7209053039550781,
        2.0949840545654297,
        1.374959945678711,
        1.7719268798828125,
        2.4521350860595703,
        1.3320446014404297,
        1.672983169555664,
        2.2242069244384766,
        1.9309520721435547,
        3.000020980834961,
        2.2809505462646484,
        1.4946460723876953,
        3.773927688598633,
        1.734018325805664,
        1.940011978149414,
        1.0256767272949219,
        2.1240711212158203,
        1.4350414276123047
    ],
    "light": [
        1.4081001281738281,
        1.569986343383789,
        1.8050670623779297,
        1.7991065979003906,
        1.7740726470947266,
        2.567291259765625,
        3.7660598754882812,
        1.085042953491211
    ]
}