{
    "airquality": [
        2.960205078125,
        2.5758743286132812,
        2.148866653442383,
        2.007007598876953,
        1.5230178833007812,
        1.6198158264160156,
        4.8370361328125,
        3.9930343627929688,
        2.418041229248047,
        1.3849735260009766,
        2.857208251953125,
        1.332998275756836,
        1.512289047241211,
        4.534721374511719,
        1.4042854309082031,
        1.435995101928711,
        2.7437210083007812,
        1.4078617095947266,
        1.7058849334716797,
        3.8878917694091797,
        1.9409656524658203,
        2.7549266815185547,
        3.804922103881836,
        1.8219947814941406,
        3.186941146850586,
        1.5249252319335938,
        1.4879703521728516,
        3.6041736602783203,
        3.926992416381836,
        1.9860267639160156,
        1.2950897216796875,
        2.1431446075439453,
        1.3737678527832031,
        2.4547576904296875,
        3.1461715698242188,
        0.9238719940185547,
        0.9510517120361328,
        2.5560855865478516
    ],
    "altitude": [
        1.8928050994873047,
        1.4629364013671875,
        1.9299983978271484,
        1.7108917236328125,
        1.165151596069336,
        1.3937950134277344,
        3.5860538482666016,
        3.2482147216796875,
        2.9938220977783203,
        1.3649463653564453,
        2.1669864654541016,
        2.8340816497802734,
        1.5728473663330078,
        3.632068634033203,
        2.567768096923828,
        1.5366077423095703,
        1.7142295837402344,
        2.907276153564453,
        1.718759536743164,
        2.5370121002197266,
        2.8498172760009766,
        1.7139911651611328,
        2.2089481353759766,
        2.6128292083740234,
        3.1669139862060547,
        1.4128684997558594,
        2.8390884399414062,
        3.9200782775878906,
        1.6181468963623047,
        3.0820369720458984,
        1.1379718780517578,
        1.8439292907714844,
        1.764059066772461,
        2.341032028198242,
        1.0941028594970703,
        3.4596920013427734,
        1.0199546813964844,
        1.1129379272460938
    ],
    "weather": [
        1.6939640045166016,
        1.2700557708740234,
        1.9237995147705078,
        1.9903182983398438,
        1.2521743774414062,
        1.2631416320800781,
        3.560781478881836,
        3.1778812408447266,
        2.8543472290039062,
        3.629922866821289,
        2.1178722381591797,
        1.2898445129394531,
        3.0629634857177734,
        3.5610198974609375,
        1.4629364013671875,
        1.7521381378173828,
        1.6391277313232422,
        1.245737075805664,
        2.3758411407470703,
        2.3338794708251953,
        1.3523101806640625,
        3.1609535217285156,
        1.8727779388427734,
        1.7039775848388672,
        3.8149356842041016,
        1.50299072265625,
        1.4829635620117188,
        3.509998321533203,
        1.4309883117675781,
        1.8582344055175781,
        3.7529468536376953,
        1.8050670623779297,
        1.4629364013671875,
        3.9360523223876953,
        1.0890960693359375,
        1.0180473327636719,
        1.4872550964355469,
        1.0280609130859375
    ],
    "pressure": [
        1.7018318176269531,
        1.3060569763183594,
        2.0780563354492188,
        2.2306442260742188,
        1.3489723205566406,
        1.3849735260009766,
        3.4949779510498047,
        3.2591819763183594,
        2.865314483642578,
        1.344919204711914,
        2.052783966064453,
        1.2218952178955078,
        1.6362667083740234,
        3.5550594329833984,
        1.4200210571289062,
        1.6438961029052734,
        1.6930103302001953,
        1.2009143829345703,
        1.6827583312988281,
        2.2389888763427734,
        1.2631416320800781,
        1.6019344329833984,
        1.9061565399169922,
        1.8448829650878906,
        3.0698776245117188,
        1.6388893127441406,
        1.4338493347167969,
        3.726959228515625,
        1.444101333618164,
        1.85394287109375,
        0.9999275207519531,
        1.8489360809326172,
        1.3608932495117188,
        2.2821426391601562,
        1.085042953491211,
        0.9541511535644531,
        1.0018348693847656,
        1.4219284057617188
    ],
    "location": [
        1.7681121826171875,
        1.3849735260009766,
        2.026081085205078,
        2.8409957885742188,
        1.4011859893798828,
        1.5180110931396484,
        3.3731460571289062,
        3.2470226287841797,
        2.888202667236328,
        1.2938976287841797,
        2.1240711212158203,
        1.634836196899414,
        3.538846969604492,
        1.6367435455322266,
        1.6341209411621094,
        1.767873764038086,
        2.286195755004883,
        1.7690658569335938,
        1.9230842590332031,
        3.1948089599609375,
        1.795053482055664,
        3.955841064453125,
        1.3990402221679688,
        1.1572837829589844,
        1.8689632415771484,
        2.3050308227539062,
        1.138925552368164,
        1.0938644409179688,
        1.6880035400390625
    ],
    "light": [
        1.3680458068847656,
        1.5950202941894531,
        1.7518997192382812,
        1.764059066772461,
        1.7540454864501953,
        2.6502609252929688,
        3.679037094116211,
        1.0151863098144531,
        2.315998077392578,
        1.0290145874023438
    ],
    "humidity": [
        1.1858940124511719,
        1.3120174407958984,
        1.1799335479736328,
        1.1959075927734375,
        1.7600059509277344,
        1.3709068298339844,
        1.8990039825439453,
        1.2993812561035156,
        0.865936279296875
    ]
}