{
    "airquality": [
        4.081964492797852,
        3.1049251556396484,
        2.9740333557128906,
        1.6758441925048828,
        3.103017807006836,
        1.6167163848876953,
        3.385782241821289,
        3.283977508544922,
        2.4988651275634766,
        3.869295120239258,
        2.457141876220703,
        2.674102783203125,
        2.691984176635742,
        5.251169204711914,
        2.5930404663085938,
        6.234169006347656,
        3.705739974975586,
        2.3729801177978516,
        2.850055694580078,
        4.584074020385742,
        2.8390884399414062,
        0.701904296875,
        0.7560253143310547,
        5.530118942260742,
        2.5701522827148438,
        5.011081695556641,
        2.516031265258789,
        1.3692378997802734,
        4.270076751708984,
        3.1540393829345703,
        3.0450820922851562,
        3.690958023071289,
        2.8810501098632812,
        2.8297901153564453,
        2.621889114379883,
        2.892017364501953,
        1.5380382537841797,
        3.063678741455078,
        2.7577877044677734,
        2.5298595428466797
    ],
    "location": [
        4.420042037963867,
        2.9070377349853516,
        3.1921863555908203,
        1.2128353118896484,
        2.3238658905029297,
        2.4607181549072266,
        2.708911895751953,
        2.3140907287597656,
        4.820108413696289,
        2.6712417602539062,
        1.6660690307617188,
        2.225160598754883,
        4.043102264404297,
        2.5091171264648438,
        0.7159709930419922,
        5.149126052856445,
        3.560781478881836,
        2.538919448852539,
        3.4291744232177734,
        2.4518966674804688,
        2.9740333557128906,
        2.8090476989746094,
        2.658843994140625,
        2.8998851776123047,
        2.588987350463867,
        2.7229785919189453
    ],
    "altitude": [
        4.8809051513671875,
        3.534078598022461,
        2.8710365295410156,
        1.5141963958740234,
        3.468036651611328,
        3.3631324768066406,
        1.9850730895996094,
        2.749919891357422,
        2.7780532836914062,
        3.7038326263427734,
        2.9261112213134766,
        2.4237632751464844,
        2.198934555053711,
        4.6539306640625,
        4.040241241455078,
        2.6350021362304688,
        2.1200180053710938,
        3.0939579010009766,
        1.8811225891113281,
        3.7031173706054688,
        2.917051315307617,
        0.41794776916503906,
        0.8766651153564453,
        3.0641555786132812,
        2.286672592163086,
        3.1130313873291016,
        2.618074417114258,
        1.8489360809326172,
        3.4019947052001953,
        4.672050476074219,
        2.723217010498047,
        2.9718875885009766,
        3.2339096069335938,
        2.804994583129883,
        2.727985382080078,
        3.5059452056884766,
        2.6497840881347656,
        2.8810501098632812,
        3.4990310668945312,
        2.2478103637695312
    ],
    "sound": [
        4.934787750244141,
        3.5521984100341797,
        3.239870071411133,
        1.5349388122558594,
        3.5440921783447266,
        2.9020309448242188,
        2.7790069580078125,
        3.8421154022216797,
        3.076314926147461,
        2.1982192993164062,
        2.5098323822021484,
        5.773067474365234,
        2.202749252319336,
        2.385854721069336,
        3.5982131958007812,
        0.5102157592773438,
        0.9431838989257812,
        2.4268627166748047,
        2.8679370880126953,
        1.4820098876953125,
        2.927064895629883,
        2.8221607208251953,
        2.993345260620117,
        2.974987030029297,
        2.8731822967529297,
        1.626729965209961,
        2.8891563415527344,
        2.480030059814453
    ],
    "humidity": [
        4.895925521850586,
        3.1480789184570312,
        3.57818603515625,
        2.7282238006591797,
        3.136873245239258,
        2.441883087158203,
        2.337932586669922,
        3.576993942260742,
        1.0023117065429688,
        2.7959346771240234,
        2.8989315032958984,
        3.0059814453125,
        2.917766571044922,
        2.8543472290039062
    ],
    "light": [
        3.488302230834961,
        1.4998912811279297,
        2.0112991333007812,
        2.254962921142578,
        3.0248165130615234,
        3.7801265716552734,
        2.948760986328125,
        2.077341079711914,
        2.9039382934570312,
        5.609035491943359,
        2.4449825286865234,
        2.148151397705078,
        2.949953079223633,
        0.46515464782714844,
        5.5999755859375,
        2.2039413452148438,
        3.637075424194336,
        1.6617774963378906,
        3.184795379638672,
        2.6192665100097656,
        3.1058788299560547,
        2.9649734497070312,
        3.3757686614990234,
        1.6660690307617188,
        2.6657581329345703,
        2.3872852325439453
    ],
    "temperature": [
        3.1321048736572266,
        1.600027084350586,
        1.8379688262939453,
        3.2668113708496094,
        2.696990966796875,
        3.907918930053711,
        2.835988998413086,
        2.3620128631591797,
        2.835988998413086,
        5.953073501586914,
        2.4139881134033203,
        2.5458335876464844,
        2.9191970825195312,
        0.5698204040527344,
        5.551815032958984,
        2.4161338806152344,
        2.973794937133789,
        1.542806625366211,
        3.1900405883789062,
        2.9289722442626953,
        3.0012130737304688,
        2.9969215393066406,
        3.072023391723633,
        1.5900135040283203,
        2.7129650115966797,
        2.6237964630126953
    ]
}